{"cameraMode":{"drawMode":0,"name":"Shaded","section":"Shading Mode"},"sceneLighting":false,"audioPlay":false,"sceneViewState":{"m_AlwaysRefresh":false,"showFog":true,"showSkybox":false,"showFlares":true,"showImageEffects":true,"showParticleSystems":true,"showVisualEffectGraphs":true,"m_FxEnabled":true},"in2DMode":false,"pivot":{"x":0.46389830112457278,"y":1.6298177242279053,"z":0.6424693465232849},"rotation":{"x":0.29849112033843996,"y":-0.09042105823755264,"z":0.029576050117611886,"w":0.950147271156311},"size":2.19996976852417,"orthographic":false}